﻿Number,GameTitle,Genre,Platform,HoursPlayed,CompletionRate,Status,PlatinumTrophy,DLCTrophies
1,Alan Wake 2,Survival Horror,PS5,5,22,In-progress,0,0
2,Alan Wake Remastered,Survival Horror,PS4,1,2,Hiatus,0,0
3,Aliens: Isolation,First Person Shooter,PS4,2,7,Quit,0,0
4,Another World - 20th Anniversary Edition,Platformer,PS4,2,42,Quit,0,0
5,Apex Legends,First Person Shooter,PS4,1,0,Quit,0,0
6,Apotheon,Platformer,PS4,0.5,0,Quit,0,0
7,Armored Core VI Fires of Rubicon,Adventure,PS5,1,0,Quit,0,0
8,Assassin's Creed Origins,Open World,PS4,9,5,Quit,0,0
9,Astro's Playroom,Adventure,PS5,4,100,Done,1,1
10,Batman Arkham Asylum,Adventure,PS4,38,100,Done,1,0
11,Batman Arkham City,Adventure,PS4,44,51,In-progress,0,0
12,Batman Arkham Knight,Adventure,PS4,43,21,In-progress,0,0
13,Beyond: Two Souls,Adventure,PS4,11,30,Quit,0,0
14,Bioshock: The Collection,First Person Shooter,PS4,15,18,Quit,0,0
15,Blazblue Chronophantasma Extend,Fighting,PS4,8,4,Quit,0,0
16,Bloodborne,Adventure,PS4,184,89,Done,1,1
17,Control,Open World,PS4,38,78,Done,1,1
18,Control,Open World,PS5,6,5,In-progress,0,1
19,Crash Bandicoot 4: It's About Time,Platformer,PS4,19,51,Hiatus,0,1
20,Crash Bandicoot N Sane Triology,Platformer,PS4,41,47,Hiatus,0,0
21,Crash Team Racing Nitro-Fueled,Racing,PS4,3,5,Quit,0,0
22,Cuphead,Platformer,PS4,3,9,Hiatus,0,0
23,Cyberpunk 2077,RPG,PS5,75,30,Hiatus,0,1
24,Dark Souls 2: Scholar of the First Sin,Adventure,PS4,38,12,Quit,0,0
25,Dark Souls 3,Adventure,PS4,115,60,Hiatus,0,0
26,Dark Souls: Remastered,Adventure,PS4,3,5,Hiatus,0,0
27,Days Gone,Open World,PS4,1,2,Quit,0,0
28,Dead Space 2,Survival Horror,PS3,,14,Hiatus,0,1
29,Dead Space: Remake,Survival Horror,PS5,31,67,In-progress,0,0
30,Death Stranding,Adventure,PS4,5,14,Quit,0,0
31,Deathloop,First Person Shooter,PS5,7,16,Quit,0,0
32,Demon's Souls,Adventure,PS5,12,8,Hiatus,0,0
33,Destiny,First Person Shooter,PS4,1,2,Quit,0,0
34,Destiny 2,First Person Shooter,PS4,0.5,0,Quit,0,0
35,Detroit: Become Human,Adventure,PS4,23,61,Quit,0,0
36,Deus Ex: Human Revolution,First Person Shooter,PS3,,58,Quit,0,1
37,Deus Ex: Mankind Divided,First Person Shooter,PS4,45,37,Quit,0,0
38,Devil May Cry 4: Special Edition,Adventure,PS4,10,5,Hiatus,0,0
39,Devil May Cry 5,Adventure,PS4,87,60,Hiatus,0,1
40,Devil May Cry: HD Collection,Adventure,PS4,35,35,Hiatus,0,0
41,Dex,Platformer,PS4,19,40,Quit,0,0
42,Dishonored 2,First Person Shooter,PS4,8,10,Quit,0,0
43,DmC Devil May Cry: Definitive Edition,Adventure,PS4,4,10,Hiatus,0,0
44,Doom,First Person Shooter,PS4,1,1,Quit,0,0
45,Dragonball FighterZ,Fighting,PS4,25,28,Quit,0,0
46,Dragonball Z: Kakarot,Open World,PS4,3,15,Hiatus,0,0
47,Elden Ring,Open World,PS5,173,100,Done,1,0
48,Fallout 3,Open World,PS3,,6,Hiatus,0,1
49,Fallout 4,Open World,PS4,309,83,Done,1,1
50,Fallout: New Vegas,Open World,PS3,,2,Hiatus,0,1
51,Far Cry 3 Blood Dragon,First Person Shooter,PS3,,10,Quit,0,0
52,Final Fantasy VII Original,RPG,PS4,4,4,In-progress,0,0
53,Final Fantasy VII Remake,RPG,PS4,71,70,In-progress,0,0
54,Final Fantasy VII Remake: Intergrade,RPG,PS5,33,37,In-progress,0,1
55,Final Fantasy VII: Crisis Core Reunion,RPG,PS5,3,7,In-progress,0,0
56,Final Fantasy XVI,RPG,PS5,21,13,Hiatus,0,1
57,Ghost of Tsushima Director's Cut,Open World,PS5,35,21,Hiatus,0,1
58,God of War (2018),Adventure,PS4,78,100,Done,1,0
59,God of War: Ragnarok,Adventure,PS5,112,89,In-progress,1,1
60,Gotham Knights,Open World,PS5,10,7,Quit,0,0
61,Grand Theft Auto V,Open World,PS4,113,14,Hiatus,0,1
62,Guacamelee!,Platformer,PS3,,50,Quit,0,0
63,Guacamelee! Super Turbo Championship Edition,Platformer,PS4,14,35,Hiatus,0,0
64,Guilty Gear Xrd - Revelator-,Fighting,PS4,13,14,Quit,0,0
65,Guilty Gear Xrd - Sign-,Fighting,PS4,1,4,Quit,0,0
66,Hitman,Adventure,PS4,6,13,Quit,0,0
67,Hogwarts Legacy,RPG,PS5,2,2,Hiatus,0,0
68,Hollow Knight,Platformer,PS4,8,7,Hiatus,0,0
69,Horizon Forbidden West,Open World,PS5,5,2,Quit,0,1
70,Horizon Zero Dawn,Open World,PS4,40,19,Quit,0,1
71,Hyper Light Drifter,Platformer,PS4,15,19,Hiatus,0,0
72,Injustice 2,Fighting,PS4,187,53,Quit,0,0
73,Injustice: Gods Among Us Ultimate Edition,Fighting,PS4,364,39,Quit,0,0
74,Jak II,Platformer,PS4,5,15,Quit,0,0
75,Jax and Dexter: The Precursor Legacy,Platformer,PS4,7,38,Quit,0,0
76,Judgement,RPG,PS4,6,1,Quit,0,0
77,Kingdom Hearts - HD 1.5 + 2.5 Remix,RPG,PS4,1,0,Quit,0,0
78,Little Nightmares II,Platformer,PS4,6,100,Done,1,0
79,Mad Max,Open World,PS4,8,10,Quit,0,0
80,Mafia III,Open World,PS4,7,6,Quit,0,0
81,Marvel's Guardians of the Galaxy,Adventure,PS5,34,100,Done,1,0
82,Marvel's Spider-Man,Open World,PS4,12,15,Quit,0,0
83,Mass Effect 1: Legendary Edition,RPG,PS4,76,100,Done,1,0
84,Mass Effect 2: Legendary Edition,RPG,PS4,92,100,Done,1,0
85,Mass Effect 3: Legendary Edition,RPG,PS4,45,75,In-progress,0,0
86,Mass Effect: Andromeda,RPG,PS4,40,22,Quit,0,0
87,Max Payne 3,Adventure,PS3,,11,Quit,0,1
88,Metal Gear Rising: Revengenace,Fighting,PS3,,3,Quit,0,0
89,Metal Gear Soild 4: Guns of the Patriots,Adventure,PS3,,19,Hiatus,0,0
90,Metal Gear Solid 2: Sons of Liberty,Adventure,PS3,,14,Hiatus,0,0
91,Metal Gear Solid V: Ground Zeros,Open World,PS4,8,9,Hiatus,0,0
92,Metal Gear Solid V: The Definitive Experience,Open World,PS4,25,13,Hiatus,0,0
93,Middle-Earth: Shadow of Mordor,Open World,PS4,2,4,Quit,0,0
94,Monster Hunter Rise,Online,PS5,4,1,Hiatus,0,1
95,Monster Hunter World: Iceborne,Online,PS4,499,70,In-progress,0,1
96,Mortal Kombat 1,Fighting,PS5,40,65,In-progress,0,0
97,Mortal Kombat X,Fighting,PS4,828,75,Quit,0,1
98,NieR: Automata,Open World,PS4,74,100,Done,1,0
99,Nioh,RPG,PS4,2,1,Quit,0,0
100,No More Heros 3,Fighting,PS5,11,24,In-progress,0,0
101,Not a Hero,Platformer,PS4,0.5,0,Quit,0,0
102,Observer,Adventure,PS4,8,18,Quit,0,0
103,Oddworld: New 'n' Tasty,Platformer,PS4,15,15,Hiatus,0,0
104,Oddworld: Soulstorm,Platformer,PS5,1,3,Hiatus,0,0
105,Overwatch,First Person Shooter,PS4,1,0,Quit,0,0
106,Prey,Survival Horror,PS4,45,26,Quit,0,0
107,Prince of Persia The Lost Crown,Platformer,PS5,8,5,In-progress,0,0
108,Ratchet and Clank,Adventure,PS4,44,100,Done,1,0
109,Ratchet and Clank: A Crack in Time,Adventure,PS3,,82,Hiatus,0,0
110,Ratchet and Clank: Rift Apart,Adventure,PS5,23,100,Done,1,0
111,Rayman Legends,Platformer,PS4,2,4,Quit,0,0
112,Red Dead Redemption 1,Open World,PS3,,23,Quit,0,1
113,Red Dead Redemption 2,Open World,PS4,248,45,Quit,0,0
114,Resident Evil 1: Remake,Survival Horror,PS4,37,70,Hiatus,0,0
115,Resident Evil 2: Remake,Survival Horror,PS4,49,94,Done,1,1
116,Resident Evil 2: Remake,Survival Horror,PS5,1,17,In-progress,0,1
117,Resident Evil 3: Remake,Survival Horror,PS4,12,37,Hiatus,0,0
118,Resident Evil 4: Original,Survival Horror,PS4,1,5,Hiatus,0,0
119,Resident Evil 4: Remake,Survival Horror,PS5,36,39,In-progress,0,0
120,Resident Evil 5,Survival Horror,PS4,3,6,Hiatus,0,0
121,Resident Evil 7: Biohazard,Survival Horror,PS4,22,31,Hiatus,0,0
122,Resident Evil 8: Village,Survival Horror,PS5,50,81,In-progress,0,1
123,Rise of the Tomb Raider,Adventure,PS4,6,5,Quit,0,1
124,Salt and Sanctuary,Adventure,PS4,7,12,Quit,0,0
125,Scott Pilgrim vs. The World: The Game - Complete Edition,Fighting,PS4,2,3,Quit,0,0
126,Sekiro: Shadows Die Twice,Adventure,PS4,98,59,Hiatus,0,0
127,Shadow of the Colossus,Adventure,PS4,33,63,Hiatus,0,0
128,Shenmue I,RPG,PS4,0.5,12,Hiatus,0,0
129,Sifu,Fighting,PS5,7,16,Hiatus,0,0
130,Sonic Mania,Platformer,PS4,0.5,1,Quit,0,0
131,South Park: Stick of Truth (Uncut Version),RPG,PS3,,57,Quit,0,0
132,South Park: The Fractured But Whole,RPG,PS4,10,26,Quit,0,0
133,Spyro: Reignited Trilogy,Platformer,PS4,1,11,Quit,0,0
134,Star Wars Battlefront II,Online,PS4,4,5,Quit,0,0
135,Star Wars Bounty Hunter,Adventure,PS4,2,9,Quit,0,0
136,Star Wars Jedi Knight II: Jedi Outcast,RPG,PS4,10,34,Hiatus,0,0
137,Star Wars Jedi: Fallen Order,Open World,PS4,42,100,Done,1,0
138,Star Wars Jedi: Fallen Order,Open World,PS5,6,7,In-progress,0,0
139,Star Wars Jedi: Survivor,Open World,PS5,13,15,In-progress,0,0
140,Street Fighter V,Fighting,PS4,142,60,Quit,0,0
141,Street of Rage 4,Fighting,PS4,14,36,In-progress,0,1
142,Super Meat Boy!,Platformer,PS4,0.5,1,Quit,0,0
143,Teslagrad,Platformer,PS4,2,7,Quit,0,0
144,The Elder Scrolls Online,Online,PS4,1,1,Quit,0,0
145,The Elder Scrolls V: Skyrim Special Edition,Open World,PS4,146,42,In-progress,0,0
146,The King of Fighters XIV,Fighting,PS4,5,4,Quit,0,0
147,The Last Guardian,Platformer,PS4,1,0,Quit,0,0
148,The Last of Us Part I Remake,Survival Horror,PS5,8,5,In-progress,0,0
149,The Last of Us Part II,Survival Horror,PS4,7,16,Hiatus,0,0
150,The Last of Us Remastered,Survival Horror,PS4,61,36,Quit,0,0
151,The Outer Worlds,Open World,PS4,5,7,Quit,0,0
152,The Surge,Adventure,PS4,0.5,2,Quit,0,0
153,The Witcher 3: Wild Hunt,Open World,PS4,5,1,Quit,0,0
154,Ultimate Marvel vs. Capcom 3,Fighting,PS4,3,4,Quit,0,0
155,Uncharted: Legacy of Thieves Collection,Adventure,PS4,47,35,Quit,0,0
156,Uncharted: The Nathan Drake Collection,Adventure,PS4,4,3,Quit,0,0
157,Warframe,Online,PS4,1,1,Quit,0,0
158,Watch Dogs 2,Open World,PS4,8,13,Quit,0,0
159,Wolfenstein II: The New Colossus,First Person Shooter,PS4,12,16,Quit,0,1
160,Yakuza 0,Adventure,PS4,3,2,Quit,0,0
161,Zone of the Enders 2: The 2nd Runner HD Edition,Adventure,PS3,,15,Quit,0,0